{
    "membrane.v": -87.0655895407835,
    "intracellular_ions.naj": 8.88424477947199,
    "intracellular_ions.nasl": 8.88341217642103,
    "intracellular_ions.nai": 8.88365804124162,
    "intracellular_ions.ki": 134.213097948672,
    "intracellular_ions.caj": 9.20580586542242e-05,
    "intracellular_ions.casl": 9.62428218317655e-05,
    "intracellular_ions.cai": 9.66105402693763e-05,
    "intracellular_ions.cli": 15.5745509675962,
    "intracellular_ions.casr": 0.709622552333155,
    "intracellular_ions.buffers_NaBj": 3.5588839934477,
    "intracellular_ions.buffers_NaBsl": 0.776467094025442,
    "intracellular_ions.buffers_TnClow": 0.0104491410305814,
    "intracellular_ions.buffers_TnCHc": 0.124415836833344,
    "intracellular_ions.buffers_TnCHm": 0.00475139089328611,
    "intracellular_ions.buffers_CaM": 0.000326761159683871,
    "intracellular_ions.buffers_Myosin_ca": 0.00435725142843641,
    "intracellular_ions.buffers_Myosin_mg": 0.134587917639655,
    "intracellular_ions.buffers_SRB": 0.00247759889601234,
    "intracellular_ions.buffers_SLLj": 0.00415486833433121,
    "intracellular_ions.buffers_SLLsl": 0.00810233315864154,
    "intracellular_ions.buffers_SLHj": 0.0497605868295565,
    "intracellular_ions.buffers_SLHsl": 0.0960185900338078,
    "intracellular_ions.buffers_Csqn": 1.32358809148372,
    "INa.m": 0.00115997496446638,
    "INa.h": 0.791660456106286,
    "INa.j": 0.791587530878068,
    "INaL.mL": 0.000224902633151066,
    "INaL.hL": 0.478572465113524,
    "INaL.hLp": 0.258793079229038,
    "Ito.xtos": 0.000286101402392894,
    "Ito.ytos": 0.768184915918179,
    "Ito.xtof": 0.00028609937449475,
    "Ito.ytof": 0.99999864687518,
    "Ito.xtos_p": 0.000132590983159417,
    "Ito.ytos_p": 0.777117031645024,
    "Ito.xtof_p": 0.000132590043205027,
    "Ito.ytof_p": 0.99999864687975,
    "IKs.xs_junc": 0.0311875010014239,
    "IKs.xs_sl": 0.031204810574373,
    "IKr.C0": 0.997558791218494,
    "IKr.C1": 0.000960122333286174,
    "IKr.C2": 0.000804204051120587,
    "IKr.O": 0.00064129227809794,
    "IKr.I": 3.55901681542091e-05,
    "ICaL.d": 6.00992839633468e-26,
    "ICaL.ff": 0.999999988243592,
    "ICaL.fs": 0.911094950010905,
    "ICaL.fcaf": 0.999999988251085,
    "ICaL.fcas": 0.991477881027689,
    "ICaL.jca": 0.999993204834445,
    "ICaL.nca": 0.00528788208273223,
    "ICaL.nca_i": 0.00621547539490541,
    "ICaL.ffp": 0.999999987868131,
    "ICaL.fcafp": 0.999999987980701,
    "ICaL.ical_pureCDI_junc": 0.99834227586449,
    "ICaL.ical_pureCDI_sl": 0.99826318591148,
    "ryr.ryr_R": 0.821525956842405,
    "ryr.ryr_O": 3.33929041065479e-08,
    "ryr.ryr_I": 4.57362306340243e-09,
    "ryr.ryr_CaRI": 0.0653313479138348,
    "ryr.ryr_R_p": 0.8216639452872,
    "ryr.ryr_O_p": 5.00978004918837e-08,
    "ryr.ryr_I_p": 6.8611892649539e-09,
    "ryr.ryr_CaRI_p": 0.0651828099424919,
    "ryr.jrel_icaldep_act": -9.23949112019061e-15,
    "ryr.jrel_icaldep_f1": 0.999994847409611,
    "ryr.jrel_icaldep_f2": 0.998725931920675,
    "contraction.contraction_XS": 0.00191507884532543,
    "contraction.contraction_XW": 0.00285370717430549,
    "contraction.contraction_Ca_TRPN": 0.0319778784167468,
    "contraction.contraction_TmBlocked": 0.992378492940848,
    "contraction.contraction_ZETAS": 0.0,
    "contraction.contraction_ZETAW": 0.0,
    "CaMK.camk_trap": 0.0414775695414329,
    "CaMK.camk_f_ICaL": 0.149310462149601,
    "CaMK.camk_f_RyR": 0.0583425856770706,
    "CaMK.camk_f_PLB": 0.0102519516890396,
    "CaMK.casig_serca_trap": 0.0414775695414004,
    "INa.hp": 0.61240980788246,
    "INa.jp": 0.791052149435449,
    "INa.m_P": 0.0033402868342183,
    "INa.h_P": 0.647375310489836,
    "INa.j_P": 0.647279109941897,
    "INa.hp_P": 0.419158183843564,
    "INa.jp_P": 0.418669666153646,
    "ICaL.d_P": 2.54912550780392e-35,
    "ICaL.ff_P": 0.999999987992091,
    "ICaL.fs_P": 0.930411822666439,
    "ICaL.fcaf_P": 0.999999987985882,
    "ICaL.fcas_P": 0.999145398038995,
    "ICaL.fBPf": 0.999999987992091,
    "ICaL.fcaBPf": 0.999999987985882
}