{
    "membrane.v": -87.1048524508679,
    "intracellular_ions.naj": 8.90148132748262,
    "intracellular_ions.nasl": 8.90072358449787,
    "intracellular_ions.nai": 8.90096864467852,
    "intracellular_ions.ki": 134.012103188729,
    "intracellular_ions.caj": 8.72548819699519e-05,
    "intracellular_ions.casl": 9.34139871148849e-05,
    "intracellular_ions.cai": 9.4080034366923e-05,
    "intracellular_ions.cli": 15.387261594725,
    "intracellular_ions.casr": 0.698459164097118,
    "intracellular_ions.buffers_NaBj": 3.56257543047284,
    "intracellular_ions.buffers_NaBsl": 0.777275105712417,
    "intracellular_ions.buffers_TnClow": 0.0103554573272331,
    "intracellular_ions.buffers_TnCHc": 0.123882165390239,
    "intracellular_ions.buffers_TnCHm": 0.00491727634978175,
    "intracellular_ions.buffers_CaM": 0.000318295368582715,
    "intracellular_ions.buffers_Myosin_ca": 0.00417906366078184,
    "intracellular_ions.buffers_Myosin_mg": 0.134769347698577,
    "intracellular_ions.buffers_SRB": 0.00242099311501951,
    "intracellular_ions.buffers_SLLj": 0.00393953676179554,
    "intracellular_ions.buffers_SLLsl": 0.00786577099883911,
    "intracellular_ions.buffers_SLHj": 0.0477508386727348,
    "intracellular_ions.buffers_SLHsl": 0.0938266416524447,
    "intracellular_ions.buffers_Csqn": 1.31355127027864,
    "INa.m": 0.00115027134466251,
    "INa.h": 0.792583130322282,
    "INa.j": 0.792553752567347,
    "INaL.mL": 0.000223231750796147,
    "INaL.hL": 0.481102595159199,
    "INaL.hLp": 0.267345509289175,
    "Ito.xtos": 0.000285236054540071,
    "Ito.ytos": 0.752522034328527,
    "Ito.xtof": 0.00028523550141576,
    "Ito.ytof": 0.999998657484284,
    "Ito.xtos_p": 0.000132189884504471,
    "Ito.ytos_p": 0.7740674570158,
    "Ito.xtof_p": 0.000132189628125158,
    "Ito.ytof_p": 0.999998657485465,
    "IKs.xs_junc": 0.0310600216171209,
    "IKs.xs_sl": 0.0310792031421878,
    "IKr.C0": 0.997802838380096,
    "IKr.C1": 0.000957620596017843,
    "IKr.C2": 0.000789240755687893,
    "IKr.O": 0.000426716358231017,
    "IKr.I": 2.35839847676158e-05,
    "ICaL.d": -3.46880270271892e-25,
    "ICaL.ff": 0.99999998837034,
    "ICaL.fs": 0.932289901059922,
    "ICaL.fcaf": 0.999999988369518,
    "ICaL.fcas": 0.994178517822215,
    "ICaL.jca": 0.999996646216809,
    "ICaL.nca": 0.00435031097879067,
    "ICaL.nca_i": 0.00557704818434563,
    "ICaL.ffp": 0.99999998832902,
    "ICaL.fcafp": 0.999999988404983,
    "ICaL.ical_pureCDI_junc": 0.998428187084817,
    "ICaL.ical_pureCDI_sl": 0.998315853586705,
    "ryr.ryr_R": 0.823517273398309,
    "ryr.ryr_O": 2.90937139756062e-08,
    "ryr.ryr_I": 3.95481946481633e-09,
    "ryr.ryr_CaRI": 0.0639312650912837,
    "ryr.ryr_R_p": 0.823701418817511,
    "ryr.ryr_O_p": 4.36503652676116e-08,
    "ryr.ryr_I_p": 5.93309508583327e-09,
    "ryr.ryr_CaRI_p": 0.0637332255847403,
    "ryr.jrel_icaldep_act": 1.28906579067796e-15,
    "ryr.jrel_icaldep_f1": 0.999997489489555,
    "ryr.jrel_icaldep_f2": 0.999197380828516,
    "contraction.contraction_XS": 0.00174833745653893,
    "contraction.contraction_XW": 0.00261533326453387,
    "contraction.contraction_Ca_TRPN": 0.0306395397966677,
    "contraction.contraction_TmBlocked": 0.993021075755664,
    "contraction.contraction_ZETAS": 0.0,
    "contraction.contraction_ZETAW": 0.0,
    "CaMK.camk_trap": 0.0392696034990402,
    "CaMK.camk_f_ICaL": 0.143071459593468,
    "CaMK.camk_f_RyR": 0.055675476524909,
    "CaMK.camk_f_PLB": 0.00997995964953318,
    "CaMK.casig_serca_trap": 0.0392696034990509,
    "INa.hp": 0.613818711143857,
    "INa.jp": 0.792257858985778,
    "INa.m_P": 0.00331302654788553,
    "INa.h_P": 0.648713522115395,
    "INa.j_P": 0.648674807414497,
    "INa.hp_P": 0.420723521562499,
    "INa.jp_P": 0.420466953058846,
    "ICaL.d_P": 2.54912550780392e-35,
    "ICaL.ff_P": 0.999999987992091,
    "ICaL.fs_P": 0.930411822666439,
    "ICaL.fcaf_P": 0.999999987985882,
    "ICaL.fcas_P": 0.999145398038995,
    "ICaL.fBPf": 0.999999987992091,
    "ICaL.fcaBPf": 0.999999987985882
}