{
    "membrane.v": -87.2384853115543,
    "intracellular_ions.naj": 9.03486164883945,
    "intracellular_ions.nasl": 9.0339850675858,
    "intracellular_ions.nai": 9.03421756239809,
    "intracellular_ions.ki": 134.2543744524,
    "intracellular_ions.caj": 7.90465278115845e-05,
    "intracellular_ions.casl": 9.15679857304743e-05,
    "intracellular_ions.cai": 9.35462933875863e-05,
    "intracellular_ions.cli": 15.7679731855477,
    "intracellular_ions.casr": 0.697731534031377,
    "intracellular_ions.buffers_NaBj": 3.5905406467082,
    "intracellular_ions.buffers_NaBsl": 0.783353170323704,
    "intracellular_ions.buffers_TnClow": 0.0103370187051519,
    "intracellular_ions.buffers_TnCHc": 0.124291404278596,
    "intracellular_ions.buffers_TnCHm": 0.00478686692988142,
    "intracellular_ions.buffers_CaM": 0.000316542860038368,
    "intracellular_ions.buffers_Myosin_ca": 0.00430734651181887,
    "intracellular_ions.buffers_Myosin_mg": 0.134635158144709,
    "intracellular_ions.buffers_SRB": 0.00240982892150671,
    "intracellular_ions.buffers_SLLj": 0.00357118654357194,
    "intracellular_ions.buffers_SLLsl": 0.00771155734990443,
    "intracellular_ions.buffers_SLHj": 0.0442003847256494,
    "intracellular_ions.buffers_SLHsl": 0.0924553506272177,
    "intracellular_ions.buffers_Csqn": 1.31289133128325,
    "INa.m": 0.00111783862023975,
    "INa.h": 0.795689975108679,
    "INa.j": 0.795599867951665,
    "INaL.mL": 0.000217637295197271,
    "INaL.hL": 0.482964664905836,
    "INaL.hLp": 0.2558191634376,
    "Ito.xtos": 0.000282323923270554,
    "Ito.ytos": 0.762142313529315,
    "Ito.xtof": 0.000282321253043875,
    "Ito.ytof": 0.999998692853702,
    "Ito.xtos_p": 0.000130840080996848,
    "Ito.ytos_p": 0.766473273728536,
    "Ito.xtof_p": 0.000130838843320319,
    "Ito.ytof_p": 0.999998692859505,
    "IKs.xs_junc": 0.0310652769393233,
    "IKs.xs_sl": 0.031096127817477,
    "IKr.C0": 0.997263643148072,
    "IKr.C1": 0.000948162519180413,
    "IKr.C2": 0.000812360394501925,
    "IKr.O": 0.00092490322363966,
    "IKr.I": 5.09313590436145e-05,
    "ICaL.d": -4.62837889760126e-25,
    "ICaL.ff": 0.999999988780511,
    "ICaL.fs": 0.885554724513234,
    "ICaL.fcaf": 0.99999998878786,
    "ICaL.fcas": 0.987670211514893,
    "ICaL.jca": 0.999985513694234,
    "ICaL.nca": 0.00303131094180496,
    "ICaL.nca_i": 0.00518725372581456,
    "ICaL.ffp": 0.999999988946544,
    "ICaL.fcafp": 0.999999987514589,
    "ICaL.ical_pureCDI_junc": 0.998574966246223,
    "ICaL.ical_pureCDI_sl": 0.998346792622347,
    "ryr.ryr_R": 0.828415744181835,
    "ryr.ryr_O": 2.38287995480668e-08,
    "ryr.ryr_I": 3.03863600786223e-09,
    "ryr.ryr_CaRI": 0.0653114478163399,
    "ryr.ryr_R_p": 0.828558092012807,
    "ryr.ryr_O_p": 3.57493636238796e-08,
    "ryr.ryr_I_p": 4.55844613637806e-09,
    "ryr.ryr_CaRI_p": 0.0651595665546025,
    "ryr.jrel_icaldep_act": -1.04614101985537e-14,
    "ryr.jrel_icaldep_f1": 0.999988245224691,
    "ryr.jrel_icaldep_f2": 0.997926588163709,
    "contraction.contraction_XS": 0.00172780969441378,
    "contraction.contraction_XW": 0.00257327660987223,
    "contraction.contraction_Ca_TRPN": 0.0303761309095773,
    "contraction.contraction_TmBlocked": 0.993126814910972,
    "contraction.contraction_ZETAS": 0.0,
    "contraction.contraction_ZETAW": 0.0,
    "CaMK.camk_trap": 0.0407045983181499,
    "CaMK.camk_f_ICaL": 0.147433924459299,
    "CaMK.camk_f_RyR": 0.0575364909100377,
    "CaMK.camk_f_PLB": 0.0101682882796353,
    "CaMK.casig_serca_trap": 0.0407045983181357,
    "INa.hp": 0.618580440584743,
    "INa.jp": 0.794839505565308,
    "INa.m_P": 0.00322185211058249,
    "INa.h_P": 0.653232878527891,
    "INa.j_P": 0.653119150342112,
    "INa.hp_P": 0.426038857232569,
    "INa.jp_P": 0.425412159402626,
    "ICaL.d_P": 2.54912550780392e-35,
    "ICaL.ff_P": 0.999999987992091,
    "ICaL.fs_P": 0.930411822666439,
    "ICaL.fcaf_P": 0.999999987985882,
    "ICaL.fcas_P": 0.999145398038995,
    "ICaL.fBPf": 0.999999987992091,
    "ICaL.fcaBPf": 0.999999987985882
}